县市区,乡镇/街道,行政村
望城区,铜官街道,潭洲社区
望城区,铜官街道,中山村
望城区,铜官街道,郭亮村
望城区,铜官街道,万星村
望城区,铜官街道,华城村
望城区,铜官街道,花实村
望城区,铜官街道,何桥村
望城区,铜官街道,书堂山村
望城区,铜官街道,石渚湖村
望城区,铜官街道,彩陶源村
望城区,高塘岭街道,长联村
望城区,高塘岭街道,新阳村
望城区,高塘岭街道,六合围村
望城区,高塘岭街道,月圆村
望城区,高塘岭街道,湘江村
望城区,高塘岭街道,新河村
望城区,高塘岭街道,名盛村
望城区,高塘岭街道,胜利村
望城区,高塘岭街道,裕农村
望城区,高塘岭街道,莲湖社区
望城区,高塘岭街道,高塘社区
望城区,高塘岭街道,新康社区
望城区,乌山街道,黄花岭村
望城区,乌山街道,金树村
望城区,乌山街道,双丰村
望城区,乌山街道,维梓村
望城区,乌山街道,八曲河村
望城区,乌山街道,团山湖村
望城区,乌山街道,乌山村
望城区,乌山街道,龙王岭村
望城区,乌山街道,双兴村
望城区,乌山街道,原佳村
望城区,乌山街道,高冲村
望城区,乌山街道,徐家桥社区
望城区,乌山街道,仁和社区
望城区,乌山街道,喻家坡社区
望城区,白箬铺镇,龙唐村
望城区,白箬铺镇,龙莲村
望城区,白箬铺镇,黄泥铺村
望城区,白箬铺镇,淑一村
望城区,白箬铺镇,光明村
望城区,白箬铺镇,大塘村
望城区,白箬铺镇,齐天庙村
望城区,白箬铺镇,金峙村
望城区,白箬铺镇,古山村
望城区,白箬铺镇,胜和村
望城区,白箬铺镇,白箬铺社区
望城区,桥驿镇,白石村
望城区,桥驿镇,禾丰村
望城区,桥驿镇,洪家村
望城区,桥驿镇,民福村
望城区,桥驿镇,群力村
望城区,桥驿镇,黑麋峰村
望城区,桥驿镇,沙田村
望城区,桥驿镇,杨桥村
望城区,桥驿镇,桥头驿社区
望城区,茶亭镇,望群村
望城区,茶亭镇,九峰山村
望城区,茶亭镇,谭家园村
望城区,茶亭镇,狮子岭村
望城区,茶亭镇,西湖寺村
望城区,茶亭镇,代公桥村
望城区,茶亭镇,洪开桥村
望城区,茶亭镇,泉丰村
望城区,茶亭镇,杨家坪村
望城区,茶亭镇,大龙村
望城区,茶亭镇,苏蓼村
望城区,茶亭镇,梅花岭社区
望城区,茶亭镇,东城社区
望城区,乔口镇,柳林江村
望城区,乔口镇,大垅围村
望城区,乔口镇,田心坪村
望城区,乔口镇,盘龙岭村
望城区,乔口镇,团头湖村
望城区,乔口镇,蓝塘寺村
望城区,乔口镇,湛水村
望城区,乔口镇,乔口社区
望城区,靖港镇,杨家山村
望城区,靖港镇,格塘村
望城区,靖港镇,柏叶村
望城区,靖港镇,三桥村
望城区,靖港镇,凌冲村
望城区,靖港镇,石豪村
望城区,靖港镇,复胜村
望城区,靖港镇,福塘村
望城区,靖港镇,前榜村
望城区,靖港镇,新峰村
望城区,靖港镇,众兴社区
望城区,靖港镇,芦江社区
望城区,白沙洲街道 ,马桥河村
望城区,白沙洲街道 ,腾飞村
望城区,白沙洲街道 ,黄田村
望城区,大泽湖街道,回龙村
望城区,大泽湖街道,南塘村
望城区,大泽湖街道,西塘村
望城区,大泽湖街道,东马社区
望城区,月亮岛街道,银星村
望城区,月亮岛街道,中华岭村
望城区,月亮岛街道,戴公庙村
望城区,月亮岛街道,月亮岛社区
望城区,黄金园街道,桂芳村
望城区,黄金园街道,英雄岭村
望城区,黄金园街道,黄金园村
望城区,金山桥街道,桐林坳社区
望城区,金山桥街道,金山桥社区
望城区,金山桥街道,金坪社区
望城区,丁字湾街道,金云村
望城区,丁字湾街道,翻身垸村
望城区,丁字湾街道,双桥村
望城区,丁字湾街道,兴城社区
芙蓉区,马王堆街道,火炬村
芙蓉区,东岸街道,东屯村
芙蓉区,东岸街道,杉木村
芙蓉区,马坡岭街道,张公岭村
芙蓉区,马坡岭街道,西龙村
芙蓉区,东湖街道,东湖村
天心区,黑石铺街道,披塘村
天心区,大托铺街道,黄合村
天心区,大托铺街道,兴隆村
天心区,大托铺街道,桂井村
天心区,大托铺街道,大托新村
天心区,先锋街道,新路村
天心区,南托街道,沿江村
天心区,南托街道,牛角塘村
天心区,南托街道,滨洲新村
天心区,暮云街道,莲华村
天心区,暮云街道,许兴村
天心区,暮云街道,暮云新村
岳麓区,岳麓街道,左家垅村
岳麓区,岳麓街道,桃花岭村
岳麓区,岳麓街道,五星村
岳麓区,岳麓街道,黄鹤村
岳麓区,桔子洲街道,后湖新村
岳麓区,银盆岭街道,银盆岭村
岳麓区,观沙岭街道,岳华村
岳麓区,观沙岭街道,观沙岭村
岳麓区,西湖街道,茶场
岳麓区,望岳街道,藕塘村
岳麓区,望岳街道,谷山村
岳麓区,望岳街道,谷峰村
岳麓区,梅溪湖街道,中塘村
岳麓区,梅溪湖街道,联络村
岳麓区,天顶街道,永燕新村
岳麓区,含浦街道,干子村
岳麓区,含浦街道,芝字港村
岳麓区,含浦街道,九丰村
岳麓区,含浦街道,大坡村
岳麓区,学士街道,学华村
岳麓区,学士街道,学泰村
岳麓区,学士街道,联丰村
岳麓区,坪塘街道,狮峰山村
岳麓区,坪塘街道,红桥村
岳麓区,坪塘街道,莲花山村
岳麓区,坪塘街道,白泉村
岳麓区,坪塘街道,兴合村
岳麓区,坪塘街道,太平村
岳麓区,坪塘街道,双湖村
岳麓区,洋湖街道,洋湖村
岳麓区,洋湖街道,连山村
岳麓区,洋湖街道,蓝天村
岳麓区,莲花镇,曾家桥村
岳麓区,莲花镇,新中长村
岳麓区,莲花镇,金华村
岳麓区,莲花镇,云集村
岳麓区,莲花镇,三和村
岳麓区,莲花镇,桐木村
岳麓区,莲花镇,龙台村
岳麓区,莲花镇,龙洞村
岳麓区,莲花镇,云盖村
岳麓区,莲花镇,东塘村
岳麓区,莲花镇,五丰村
岳麓区,雨敞坪镇,福胜村
岳麓区,雨敞坪镇,嵇家山村
岳麓区,雨敞坪镇,泉水湖村
岳麓区,雨敞坪镇,泉宏村
岳麓区,雨敞坪镇,西湖村
岳麓区,雨敞坪镇,新卯村
岳麓区,雨敞坪镇,麻田村
开福区,秀峰街道,湘荷村
开福区,沙坪街道,檀木岭村
开福区,沙坪街道,汉回村
开福区,沙坪街道,竹安村
开福区,沙坪街道,双塘村
开福区,沙坪街道,钟山村
开福区,捞刀河街道,白霞村
开福区,捞刀河街道,凤羽村
开福区,捞刀河街道,罗汉庄村
雨花区,雨花亭街道,井塘社区
雨花区,洞井街道,洞井社区
雨花区,洞井街道,和平社区
雨花区,洞井街道,鄱阳社区
雨花区,洞井街道,牛头社区
雨花区,洞井街道,桃花社区
雨花区,同升街道,白田社区
雨花区,同升街道,洪塘社区
雨花区,同升街道,金井社区
雨花区,黎托街道,合丰社区
雨花区,黎托街道,潭阳社区
雨花区,黎托街道,粟塘社区
雨花区,黎托街道,川河社区
雨花区,东山街道,边山社区
雨花区,东山街道,侯照社区
雨花区,跳马镇,白竹村
雨花区,跳马镇,石燕湖村
雨花区,跳马镇,田心桥村
雨花区,跳马镇,石桥村
雨花区,跳马镇,三仙岭村
雨花区,跳马镇,跳马村
雨花区,跳马镇,喜雨村
雨花区,跳马镇,冬斯港村
雨花区,跳马镇,新田村
雨花区,跳马镇,复兴村
雨花区,跳马镇,团然村
雨花区,跳马镇,关刀新村
雨花区,跳马镇,杨林新村
雨花区,跳马镇,金屛社区
高新区,麓谷街道,华龙村
高新区,麓谷街道,金南村
高新区,麓谷街道,荷叶坝村
高新区,雷锋街道,真人桥村
高新区,雷锋街道,桥头铺村
高新区,雷锋街道,牌楼坝村
高新区,雷锋街道,坪山村
高新区,雷锋街道,三益村
高新区,雷锋街道,廖家坪村
高新区,雷锋街道,白马村
长沙县,黄兴镇,高塘
长沙县,黄兴镇,金凤
长沙县,黄兴镇,敢胜
长沙县,黄兴镇,沿江山
长沙县,黄兴镇,仙人市
长沙县,黄兴镇,蓝田新
长沙县,黄兴镇,鹿芝岭
长沙县,黄兴镇,打卦岭
长沙县,黄兴镇,黄兴新
长沙县,黄兴镇,大众
长沙县,黄兴镇,车马
长沙县,黄兴镇,长安
长沙县,黄兴镇,万龙
长沙县,黄兴镇,斗塘新
长沙县,江背镇,朱家桥社区
长沙县,江背镇,梅花社区
长沙县,江背镇,江背社区
长沙县,江背镇,五美社区
长沙县,江背镇,印山
长沙县,江背镇,特立
长沙县,江背镇,肖排
长沙县,江背镇,福田
长沙县,江背镇,五福
长沙县,江背镇,金洲
长沙县,江背镇,砖田新
长沙县,江背镇,阳雀新
长沙县,江背镇,湘阴港
长沙县,黄花镇,黄龙新
长沙县,黄花镇,黄花
长沙县,黄花镇,合心
长沙县,黄花镇,华湘
长沙县,黄花镇,鱼塘
长沙县,黄花镇,东塘
长沙县,黄花镇,谷塘
长沙县,黄花镇,高岸
长沙县,黄花镇,大兴
长沙县,黄花镇,梁坪
长沙县,黄花镇,银龙
长沙县,黄花镇,回龙
长沙县,黄花镇,崩坎
长沙县,春华镇,百熙
长沙县,春华镇,九木
长沙县,春华镇,武塘
长沙县,春华镇,春华山
长沙县,春华镇,龙王庙
长沙县,春华镇,花园新
长沙县,春华镇,大鱼塘
长沙县,春华镇,石塘铺
长沙县,春华镇,金鼎山社区
长沙县,果园镇,花果村
长沙县,果园镇,新明村
长沙县,果园镇,浔龙河村
长沙县,果园镇,金江新村
长沙县,路口镇,荆华村
长沙县,路口镇,明月村
长沙县,路口镇,麻林村
长沙县,路口镇,花桥湾
长沙县,路口镇,上杉市村
长沙县,路口镇,龙泉社区
长沙县,路口镇,路口社区
长沙县,高桥镇,维汉
长沙县,高桥镇,百录
长沙县,高桥镇,金桥
长沙县,高桥镇,范林村
长沙县,高桥镇,白石源
长沙县,高桥镇,锦绣社区
长沙县,金井镇,沙田
长沙县,金井镇,观佳
长沙县,金井镇,蒲塘
长沙县,金井镇,新沙
长沙县,金井镇,惠农
长沙县,金井镇,金龙
长沙县,金井镇,王梓园
长沙县,金井镇,团山
长沙县,金井镇,龙华山
长沙县,金井镇,石井
长沙县,金井镇,湘丰
长沙县,金井镇,农裕
长沙县,开慧镇,开慧
长沙县,开慧镇,葛家山
长沙县,开慧镇,枫林市
长沙县,开慧镇,飘峰山
长沙县,开慧镇,上华山
长沙县,开慧镇,石燕
长沙县,开慧镇,锡福
长沙县,开慧镇,白沙
长沙县,福临镇,双起村
长沙县,福临镇,同心
长沙县,福临镇,孙家桥
长沙县,福临镇,金牛
长沙县,福临镇,影珠山
长沙县,福临镇,古华山
长沙县,福临镇,福临铺社区
长沙县,青山铺镇,赛头
长沙县,青山铺镇,天华
长沙县,青山铺镇,洪河
长沙县,青山铺镇,广福
长沙县,安沙镇,油铺
长沙县,安沙镇,和平
长沙县,安沙镇,新华
长沙县,安沙镇,黄桥
长沙县,安沙镇,谭坊
长沙县,安沙镇,五龙山
长沙县,安沙镇,唐田新
长沙县,安沙镇,万家铺
长沙县,安沙镇,宋家桥
长沙县,安沙镇,鼎功桥
长沙县,安沙镇,龙华岭
长沙县,安沙镇,毛塘社区
长沙县,安沙镇,梅塘社区
长沙县,安沙镇,三合社区
长沙县,北山镇,北山
长沙县,北山镇,福高
长沙县,北山镇,石常
长沙县,北山镇,牌楼
长沙县,北山镇,明月山
长沙县,北山镇,福安
长沙县,北山镇,新云
长沙县,北山镇,新中
长沙县,长龙街道,茶塘
长沙县,长龙街道,长龙
长沙县,长龙街道,湘峰
长沙县,长龙街道,龙井社区
长沙县,长龙街道,长界社区
长沙县,长龙街道,龙湘社区
长沙县,榔梨街道,金托
长沙县,榔梨街道,花园
长沙县,榔梨街道,保家
长沙县,榔梨街道,龙华
浏阳市,集里街道,西湖村
浏阳市,集里街道,道吾村
浏阳市,集里街道,北城社区
浏阳市,集里街道,宏源村
浏阳市,集里街道,唐家园村
浏阳市,集里街道,星镇村
浏阳市,集里街道,合盛村
浏阳市,集里街道,锦美社区
浏阳市,集里街道,太平桥社区
浏阳市,荷花街道,杨家弄村
浏阳市,荷花街道,西环村
浏阳市,荷花街道,嗣同村
浏阳市,荷花街道,牛石岭村
浏阳市,荷花街道,南环村
浏阳市,荷花街道,东环村
浏阳市,荷花街道,浏河村
浏阳市,荷花街道,建新村
浏阳市,荷花街道,新月社区
浏阳市,关口街道,升平村
浏阳市,关口街道,金桥村
浏阳市,关口街道,金口村
浏阳市,关口街道,杨溪湖村
浏阳市,关口街道,金湖村
浏阳市,关口街道,和田村
浏阳市,关口街道,炭棚村
浏阳市,关口街道,溪江村
浏阳市,关口街道,道源湖村
浏阳市,古港镇,范市村
浏阳市,古港镇,梅田湖村
浏阳市,古港镇,燕港村
浏阳市,古港镇,仙洲村
浏阳市,古港镇,沔江村
浏阳市,古港镇,新园村
浏阳市,古港镇,宝盖寺村
浏阳市,古港镇,金园村
浏阳市,古港镇,花城村
浏阳市,古港镇,白鹭村
浏阳市,古港镇,华湘村
浏阳市,古港镇,东盈村
浏阳市,古港镇,古港村
浏阳市,古港镇,三口村
浏阳市,古港镇,古城村
浏阳市,古港镇,桃园社区
浏阳市,高坪镇,杨潭村
浏阳市,高坪镇,向阳村
浏阳市,高坪镇,三合水村
浏阳市,高坪镇,船仓村
浏阳市,高坪镇,志民村
浏阳市,高坪镇,沿甸村
浏阳市,高坪镇,太坪村
浏阳市,高坪镇,马鞍村
浏阳市,高坪镇,石湾村
浏阳市,高坪镇,双江村
浏阳市,高坪镇,株树桥村
浏阳市,高坪镇,高坪村
浏阳市,沿溪镇,沙龙村
浏阳市,沿溪镇,花园村
浏阳市,沿溪镇,礼花村
浏阳市,沿溪镇,金桔村
浏阳市,沿溪镇,沿溪桥村
浏阳市,沿溪镇,建设村
浏阳市,沿溪镇,大光圆村
浏阳市,官渡镇,田郊村
浏阳市,官渡镇,兵和村
浏阳市,官渡镇,观音塘村
浏阳市,官渡镇,竹联村
浏阳市,官渡镇,南岳村
浏阳市,官渡镇,新云山村
浏阳市,官渡镇,竹山村
浏阳市,永和镇,永福村
浏阳市,永和镇,佳成村
浏阳市,永和镇,金盆村
浏阳市,永和镇,石佳村
浏阳市,永和镇,井泉村
浏阳市,永和镇,铁山村
浏阳市,永和镇,狮子山村
浏阳市,永和镇,升平村
浏阳市,永和镇,增加台村
浏阳市,永和镇,七宝山村
浏阳市,永和镇,菊香社区
浏阳市,达浒镇,椒花新村
浏阳市,达浒镇,金田村
浏阳市,达浒镇,象形村
浏阳市,达浒镇,金石村
浏阳市,达浒镇,书香村
浏阳市,达浒镇,达浒社区
浏阳市,达浒镇,麻洲社区
浏阳市,大围山镇,金钟桥村
浏阳市,大围山镇,楚东村
浏阳市,大围山镇,中塅村
浏阳市,大围山镇,大围山村
浏阳市,大围山镇,上坪村
浏阳市,大围山镇,中岳村
浏阳市,大围山镇,田心桥村
浏阳市,大围山镇,同幸村
浏阳市,大围山镇,东门村
浏阳市,大围山镇,北麓园村
浏阳市,大围山镇,浏河源村
浏阳市,大围山镇,白沙村
浏阳市,张坊镇,茶林村
浏阳市,张坊镇,陈桥村
浏阳市,张坊镇,白石村
浏阳市,张坊镇,田溪村
浏阳市,张坊镇,富溪村
浏阳市,张坊镇,江口村
浏阳市,张坊镇,人溪村
浏阳市,张坊镇,上洪村
浏阳市,张坊镇,张家坊社区
浏阳市,小河乡,乌石村
浏阳市,小河乡,潭湾村
浏阳市,小河乡,新河村
浏阳市,小河乡,皇碑村
浏阳市,小河乡,田心村
浏阳市,中和镇,江河村
浏阳市,中和镇,清江村
浏阳市,中和镇,中和村
浏阳市,中和镇,长安村
浏阳市,中和镇,山枣潭村
浏阳市,中和镇,苍坊社区
浏阳市,中和镇,雅山社区
浏阳市,文家市镇,新发村
浏阳市,文家市镇,沙溪村
浏阳市,文家市镇,岩前新村
浏阳市,文家市镇,五神村
浏阳市,文家市镇,永丰村
浏阳市,文家市镇,大成村
浏阳市,文家市镇,湘龙村
浏阳市,文家市镇,文华村
浏阳市,文家市镇,玉泉村
浏阳市,文家市镇,文家市社区
浏阳市,澄潭江镇,山下村
浏阳市,澄潭江镇,渠城村
浏阳市,澄潭江镇,大圣村
浏阳市,澄潭江镇,达坪村
浏阳市,澄潭江镇,荆坪村
浏阳市,澄潭江镇,吾田村
浏阳市,澄潭江镇,和家村
浏阳市,澄潭江镇,虎形村
浏阳市,澄潭江镇,洲田村
浏阳市,澄潭江镇,碧溪村
浏阳市,澄潭江镇,集镇社区
浏阳市,澄潭江镇,槐树社区
浏阳市,大瑶镇,南山村
浏阳市,大瑶镇,枫林村
浏阳市,大瑶镇,强盛村
浏阳市,大瑶镇,上升村
浏阳市,大瑶镇,南阳村
浏阳市,大瑶镇,李畋村
浏阳市,大瑶镇,老桂新村
浏阳市,大瑶镇,鑫和村
浏阳市,大瑶镇,端里村
浏阳市,大瑶镇,华园村
浏阳市,大瑶镇,杨花村
浏阳市,大瑶镇,南川社区
浏阳市,大瑶镇,崇文村
浏阳市,大瑶镇,汇丰社区
浏阳市,大瑶镇,天和社区
浏阳市,金刚镇,石霜村
浏阳市,金刚镇,山虎村
浏阳市,金刚镇,丹桂村
浏阳市,金刚镇,星星村
浏阳市,金刚镇,南岳村
浏阳市,金刚镇,太子湖村
浏阳市,金刚镇,沙螺村
浏阳市,金刚镇,金市社区
浏阳市,金刚镇,金声社区
浏阳市,金刚镇,李畋社区
浏阳市,枨冲镇,平息村
浏阳市,枨冲镇,和平村
浏阳市,枨冲镇,三元村
浏阳市,枨冲镇,才常村
浏阳市,枨冲镇,新南桥村
浏阳市,枨冲镇,牙际山村
浏阳市,枨冲镇,佳和村
浏阳市,枨冲镇,青草社区
浏阳市,枨冲镇,橙冲社区
浏阳市,葛家镇,新建村
浏阳市,葛家镇,葛家园村
浏阳市,葛家镇,玉潭村
浏阳市,葛家镇,新宏村
浏阳市,葛家镇,金源村
浏阳市,镇头镇,土桥村
浏阳市,镇头镇,干口村
浏阳市,镇头镇,跃龙村
浏阳市,镇头镇,双桥村
浏阳市,镇头镇,金牌村
浏阳市,镇头镇,柏树村
浏阳市,镇头镇,江东村
浏阳市,镇头镇,金田村
浏阳市,镇头镇,甘棠村
浏阳市,镇头镇,田坪社区
浏阳市,镇头镇,北星社区
浏阳市,普迹镇,普泰村
浏阳市,普迹镇,普花村
浏阳市,普迹镇,普官村
浏阳市,普迹镇,金峰村
浏阳市,普迹镇,书院新村
浏阳市,普迹镇,五丰村
浏阳市,普迹镇,新府村
浏阳市,普迹镇,新街村
浏阳市,普迹镇,金江村
浏阳市,官桥镇,八角亭村
浏阳市,官桥镇,九龙村
浏阳市,官桥镇,苏故村
浏阳市,官桥镇,一江村
浏阳市,官桥镇,集镇村
浏阳市,官桥镇,石灰嘴村
浏阳市,官桥镇,涧江河村
浏阳市,柏加镇,楠洲村
浏阳市,柏加镇,仙湖村
浏阳市,柏加镇,双源村
浏阳市,柏加镇,渡头村
浏阳市,柏加镇,柏铃社区
浏阳市,蕉溪镇,蕉溪村
浏阳市,蕉溪镇,常丰村
浏阳市,蕉溪镇,水源村
浏阳市,蕉溪镇,早田村
浏阳市,蕉溪镇,金云村
浏阳市,蕉溪镇,高升村
浏阳市,洞阳镇,砰山村
浏阳市,洞阳镇,九溪洞村
浏阳市,洞阳镇,长东村
浏阳市,洞阳镇,南园社区
浏阳市,洞阳镇,北园社区
浏阳市,洞阳镇,东园社区
浏阳市,洞阳镇,洞阳社区
浏阳市,洞阳镇,幸福泉社区
浏阳市,洞阳镇,西园社区
浏阳市,永安镇,坪头村
浏阳市,永安镇,永和村
浏阳市,永安镇,水山村
浏阳市,永安镇,礼耕村
浏阳市,永安镇,芦塘村
浏阳市,永安镇,大安村
浏阳市,永安镇,督正村
浏阳市,永安镇,西湖潭
浏阳市,永安镇,心源社区
浏阳市,永安镇,永安社区
浏阳市,永安镇,永新社区
浏阳市,永安镇,丰裕社区
浏阳市,北盛镇,燕舞洲村
浏阳市,北盛镇,拔茅村
浏阳市,北盛镇,马战村
浏阳市,北盛镇,卓然村
浏阳市,北盛镇,环园村
浏阳市,北盛镇,泉水村
浏阳市,北盛镇,百塘村
浏阳市,北盛镇,窑金村
浏阳市,北盛镇,边洲村
浏阳市,北盛镇,亚洲湖村
浏阳市,北盛镇,北盛仓社区
浏阳市,北盛镇,乌龙社区
浏阳市,淳口镇,杨柳村
浏阳市,淳口镇,黄荆坪村
浏阳市,淳口镇,谢家村
浏阳市,淳口镇,南冲村
浏阳市,淳口镇,炉烟村
浏阳市,淳口镇,鸭头村
浏阳市,淳口镇,高田村
浏阳市,淳口镇,狮岩村
浏阳市,淳口镇,山田新村
浏阳市,淳口镇,同辉村
浏阳市,淳口镇,枫林湖村
浏阳市,淳口镇,向坪村
浏阳市,淳口镇,农大社区
浏阳市,淳口镇,羊古滩社区
浏阳市,淳口镇,鹤源社区
浏阳市,沙市镇,团农村
浏阳市,沙市镇,敦睦村
浏阳市,沙市镇,中洲村
浏阳市,沙市镇,秧田村
浏阳市,沙市镇,文光村
浏阳市,沙市镇,东门村
浏阳市,沙市镇,莲塘村
浏阳市,沙市镇,白水村
浏阳市,沙市镇,友助村
浏阳市,沙市镇,赤马村
浏阳市,沙市镇,桃源村
浏阳市,沙市镇,沙市村
浏阳市,沙市镇,河背村
浏阳市,沙市镇,秀山村
浏阳市,沙市镇,长春社区
浏阳市,龙伏镇,坪上村
浏阳市,龙伏镇,焦桥村
浏阳市,龙伏镇,新开村
浏阳市,龙伏镇,黄桥村
浏阳市,龙伏镇,达峰村
浏阳市,龙伏镇,柘庄村
浏阳市,龙伏镇,相市村
浏阳市,龙伏镇,石柱峰村
浏阳市,龙伏镇,龙伏社区
浏阳市,龙伏镇,泮春社区
浏阳市,社港镇,周洛村
浏阳市,社港镇,丹霞村
浏阳市,社港镇,石牛村
浏阳市,社港镇,淮洲村
浏阳市,社港镇,永兴村
浏阳市,社港镇,浏北村
浏阳市,社港镇,源田村
浏阳市,社港镇,合盛村
浏阳市,社港镇,清江村
浏阳市,社港镇,社港社区
浏阳市,社港镇,镇北社区
浏阳市,社港镇,新光社区
宁乡市,道林镇,道林社区
宁乡市,道林镇,金华
宁乡市,道林镇,河东新
宁乡市,道林镇,龙泉湖
宁乡市,道林镇,善山岭
宁乡市,道林镇,石金
宁乡市,道林镇,靳水
宁乡市,道林镇,鑫星
宁乡市,道林镇,华鑫市
宁乡市,大屯营镇,石家湾社区
宁乡市,大屯营镇,靳兴
宁乡市,大屯营镇,韶光
宁乡市,大屯营镇,大屯营
宁乡市,大屯营镇,三仙坳
宁乡市,大屯营镇,梅湖
宁乡市,大屯营镇,白洋
宁乡市,花明楼镇,刘家社区
宁乡市,花明楼镇,炭子冲
宁乡市,花明楼镇,花明楼
宁乡市,花明楼镇,联新桥
宁乡市,花明楼镇,朱石桥
宁乡市,花明楼镇,靳江
宁乡市,花明楼镇,常山
宁乡市,花明楼镇,靳源
宁乡市,花明楼镇,杨林桥
宁乡市,东湖塘镇,东湖塘社区
宁乡市,东湖塘镇,太平桥
宁乡市,东湖塘镇,麻山
宁乡市,东湖塘镇,陶家湾
宁乡市,东湖塘镇,燕山
宁乡市,东湖塘镇,西冲山
宁乡市,东湖塘镇,泉塘湾
宁乡市,东湖塘镇,泉山
宁乡市,夏铎铺镇,夏铎铺社区
宁乡市,夏铎铺镇,凤桥社区
宁乡市,夏铎铺镇,高新社区
宁乡市,夏铎铺镇,长龙新
宁乡市,夏铎铺镇,香山新
宁乡市,夏铎铺镇,龙福新
宁乡市,夏铎铺镇,天马新
宁乡市,夏铎铺镇,六度庵
宁乡市,夏铎铺镇,兴旺
宁乡市,金洲镇,关山社区
宁乡市,金洲镇,全民社区
宁乡市,金洲镇,颜塘
宁乡市,金洲镇,箭楼
宁乡市,金洲镇,龙桥
宁乡市,金洲镇,同兴
宁乡市,双江口镇,双江口社区
宁乡市,双江口镇,白玉社区
宁乡市,双江口镇,新香社区
宁乡市,双江口镇,双福社区
宁乡市,双江口镇,檀树湾
宁乡市,双江口镇,长兴
宁乡市,双江口镇,山园
宁乡市,双江口镇,左家山
宁乡市,双江口镇,槎梓桥
宁乡市,双江口镇,兴桂
宁乡市,双江口镇,五一
宁乡市,双江口镇,双青
宁乡市,双江口镇,高田寺
宁乡市,双江口镇,朱良桥
宁乡市,双江口镇,莲花山
宁乡市,双江口镇,罗巷新
宁乡市,双江口镇,云济
宁乡市,菁华铺乡,桃林桥
宁乡市,菁华铺乡,傅家塘
宁乡市,菁华铺乡,嶂山
宁乡市,菁华铺乡,洪仑山
宁乡市,菁华铺乡,菁华铺
宁乡市,菁华铺乡,陈家桥
宁乡市,煤炭坝镇,煤炭坝社区
宁乡市,煤炭坝镇,双龙
宁乡市,煤炭坝镇,砖塘
宁乡市,煤炭坝镇,东山
宁乡市,煤炭坝镇,富家
宁乡市,煤炭坝镇,贺家湾
宁乡市,煤炭坝镇,贺石桥
宁乡市,回龙铺镇,候旨亭社区
宁乡市,回龙铺镇,回龙铺
宁乡市,回龙铺镇,金玉
宁乡市,回龙铺镇,白金
宁乡市,回龙铺镇,丰收
宁乡市,回龙铺镇,金旺
宁乡市,回龙铺镇,沿河
宁乡市,坝塘镇,坝塘社区
宁乡市,坝塘镇,沿江
宁乡市,坝塘镇,乐安
宁乡市,坝塘镇,油麻田
宁乡市,坝塘镇,繁荣
宁乡市,坝塘镇,南田坪
宁乡市,坝塘镇,洋西塘
宁乡市,坝塘镇,南芬塘
宁乡市,坝塘镇,横田湾
宁乡市,坝塘镇,停钟新
宁乡市,坝塘镇,金洲
宁乡市,坝塘镇,沩乌
宁乡市,坝塘镇,保安
宁乡市,坝塘镇,金河
宁乡市,资福镇,窑里社区
宁乡市,资福镇,清泉河
宁乡市,资福镇,檀木桥
宁乡市,资福镇,红旗
宁乡市,资福镇,珊瑚
宁乡市,资福镇,华宝
宁乡市,资福镇,合星
宁乡市,资福镇,七星
宁乡市,灰汤镇,汤泉社区
宁乡市,灰汤镇,偕乐社区
宁乡市,灰汤镇,花果山
宁乡市,灰汤镇,灰汤
宁乡市,灰汤镇,竹田
宁乡市,灰汤镇,双盆
宁乡市,灰汤镇,八石
宁乡市,灰汤镇,牛角湾
宁乡市,灰汤镇,枫木桥
宁乡市,灰汤镇,永兴
宁乡市,灰汤镇,古南桥
宁乡市,灰汤镇,新风
宁乡市,灰汤镇,宁南
宁乡市,灰汤镇,双建
宁乡市,灰汤镇,金农
宁乡市,灰汤镇,将军
宁乡市,灰汤镇,杏村
宁乡市,灰汤镇,洞庭
宁乡市,双凫铺镇,双凫铺社区
宁乡市,双凫铺镇,粟江
宁乡市,双凫铺镇,麦田
宁乡市,双凫铺镇,双明
宁乡市,双凫铺镇,余新
宁乡市,双凫铺镇,合轩
宁乡市,双凫铺镇,迴龙山
宁乡市,双凫铺镇,泉井
宁乡市,大成桥镇,青泉社区
宁乡市,大成桥镇,大成桥
宁乡市,大成桥镇,永盛
宁乡市,大成桥镇,鹊山
宁乡市,大成桥镇,二泉
宁乡市,大成桥镇,玉新
宁乡市,大成桥镇,梅鸣
宁乡市,大成桥镇,成功塘
宁乡市,喻家坳乡,高田
宁乡市,喻家坳乡,泉龙
宁乡市,喻家坳乡,喻家坳
宁乡市,喻家坳乡,南岭
宁乡市,喻家坳乡,涌泉山
宁乡市,喻家坳乡,太平山
宁乡市,喻家坳乡,湖溪塘
宁乡市,喻家坳乡,神武
宁乡市,老粮仓镇,唐市社区
宁乡市,老粮仓镇,老粮社区
宁乡市,老粮仓镇,望江
宁乡市,老粮仓镇,长田
宁乡市,老粮仓镇,江花
宁乡市,老粮仓镇,金洪
宁乡市,老粮仓镇,双藕
宁乡市,老粮仓镇,毛公桥
宁乡市,老粮仓镇,星石
宁乡市,老粮仓镇,回春堂
宁乡市,流沙河镇,流沙河社区
宁乡市,流沙河镇,荷林社区
宁乡市,流沙河镇,草冲
宁乡市,流沙河镇,花林
宁乡市,流沙河镇,罘罳峰
宁乡市,流沙河镇,红石
宁乡市,流沙河镇,鸿富
宁乡市,流沙河镇,赤塅
宁乡市,流沙河镇,大田方
宁乡市,流沙河镇,码联
宁乡市,流沙河镇,扶冲
宁乡市,流沙河镇,合兴
宁乡市,流沙河镇,瓦子坪
宁乡市,青山桥镇,青山桥社区
宁乡市,青山桥镇,芙蓉
宁乡市,青山桥镇,田坪
宁乡市,青山桥镇,石狮桥
宁乡市,青山桥镇,上流
宁乡市,青山桥镇,花园
宁乡市,青山桥镇,心田
宁乡市,青山桥镇,田心
宁乡市,青山桥镇,竹峰
宁乡市,横市镇,横市社区
宁乡市,横市镇,云山
宁乡市,横市镇,望北峰
宁乡市,横市镇,向阳
宁乡市,横市镇,泉柳
宁乡市,横市镇,合金
宁乡市,横市镇,利民
宁乡市,横市镇,铁冲
宁乡市,横市镇,界头
宁乡市,横市镇,金丰
宁乡市,横市镇,关圣
宁乡市,横市镇,仁桥
宁乡市,黄材镇,青羊社区
宁乡市,黄材镇,沙坪
宁乡市,黄材镇,沩滨
宁乡市,黄材镇,炭河里
宁乡市,黄材镇,石狮庵
宁乡市,黄材镇,石龙洞
宁乡市,黄材镇,崔坪
宁乡市,黄材镇,黄材
宁乡市,黄材镇,塅溪
宁乡市,黄材镇,月山
宁乡市,黄材镇,龙泉
宁乡市,黄材镇,涓水
宁乡市,黄材镇,松溪
宁乡市,黄材镇,新桥
宁乡市,黄材镇,石山
宁乡市,黄材镇,宁峰
宁乡市,黄材镇,井冲
宁乡市,沩山乡,沩山社区
宁乡市,沩山乡,沩峰
宁乡市,沩山乡,沩水源
宁乡市,沩山乡,同庆
宁乡市,沩山乡,祖塔
宁乡市,巷子口镇,巷子口社区
宁乡市,巷子口镇,官山
宁乡市,巷子口镇,扶峰
宁乡市,巷子口镇,联花
宁乡市,巷子口镇,双河
宁乡市,巷子口镇,狮冲
宁乡市,巷子口镇,直田
宁乡市,巷子口镇,黄鹤
宁乡市,巷子口镇,仙龙潭
宁乡市,巷子口镇,金枫园
宁乡市,龙田镇,龙田社区
宁乡市,龙田镇,月塘
宁乡市,龙田镇,七里山
宁乡市,龙田镇,白花
宁乡市,龙田镇,横岭
宁乡市,龙田镇,石屋
宁乡市,沙田乡,石笋
宁乡市,沙田乡,宝云
宁乡市,沙田乡,五里
宁乡市,沙田乡,石梅
宁乡市,沙田乡,长冲
宁乡市,沙田乡,沙田
宁乡市,城郊街道,石泉
宁乡市,城郊街道,关心
宁乡市,城郊街道,石头坑
宁乡市,城郊街道,茶亭寺
宁乡市,历经铺街道,历经铺
宁乡市,历经铺街道,大湾岭
宁乡市,历经铺街道,群星
宁乡市,历经铺街道,净土庵
宁乡市,历经铺街道,紫云